utime,vel vx,vel vy,vel wz,odometry x,odometry y,odometry theta,apriltag id,apriltag longitude,apriltag latitude,apriltag world_x,apriltag world_y
1712956836536830,0,0,0,0,0,0,-1,-1,-1,-1,-1
1712956836577380,0.1423061192,0,-0.06670504808,0.005692244507,0,-0.002668201923,-1,-1,-1,-1,-1
1712956836617800,0.206294477,0,-0.0535264276,0.01394399442,-2.20E-05,-0.004809258971,-1,-1,-1,-1,-1
1712956836658230,0.230252251,0,-0.04014376551,0.02315397747,-6.63E-05,-0.006415009499,-1,-1,-1,-1,-1
1712956836698860,0.2425724417,0,0.05325641483,0.032856673,-0.000128554675,-0.004284752999,-1,-1,-1,-1,-1
1712956836739260,0.2690142393,0,0,0.04361714423,-0.0001746609196,-0.004284752999,-1,-1,-1,-1,-1
1712956836779810,0.2793978751,0,0.04002015665,0.05479295552,-0.0002225468052,-0.002683946863,-1,-1,-1,-1,-1
1712956836820250,0.2843378186,0,0.01337702759,0.06616643071,-0.0002530726779,-0.002148865722,-1,-1,-1,-1,-1
1712956836860670,0.2865838706,0,-0.04015362635,0.07762975991,-0.0002777058689,-0.003755010664,-1,-1,-1,-1,-1
1712956836901080,0.2876615822,0,0,0.08913613856,-0.0003209126589,-0.003755010664,-1,-1,-1,-1,-1
1712956836942260,0.2873898745,0,-0.01313570701,0.1006316543,-0.0003640786454,-0.004280439112,-1,-1,-1,-1,-1
1712956836982790,0.2847456336,0,-0.02669449337,0.1120213717,-0.0004128319561,-0.005348218605,-1,-1,-1,-1,-1
1712956837023250,0.2852382958,0,-0.05348146707,0.1234307438,-0.0004738523276,-0.007487477269,-1,-1,-1,-1,-1
1712956837063660,0.2834995985,0,-0.0267731417,0.1347704083,-0.0005587594351,-0.008558402769,-1,-1,-1,-1,-1
1712956837104070,0.2866193354,0,-0.01338625047,0.1462347656,-0.0006568784011,-0.009093852714,-1,-1,-1,-1,-1
1712956837145510,0.2774964869,0,-0.0391654186,0.1573341638,-0.0007578175282,-0.01066046953,-1,-1,-1,-1,-1
1712956837186070,0.2824581265,0,0,0.1686318517,-0.0008782607038,-0.01066046953,-1,-1,-1,-1,-1
1712956837227650,0.2836465836,0,0,0.1799770743,-0.0009992106352,-0.01066046953,-1,-1,-1,-1,-1
1712956837268070,0.2854993641,0,-0.05353039876,0.1913964003,-0.001120950561,-0.01280168537,-1,-1,-1,-1,-1
1712956837308480,0.2855770886,0,-0.05354500189,0.2028185427,-0.001267181244,-0.01494348515,-1,-1,-1,-1,-1
1712956837348870,0.2888968885,0,-0.04018552229,0.2143731266,-0.001439859858,-0.016550906,-1,-1,-1,-1,-1
1712956837389400,0.2836994231,0,-0.04004077986,0.2257195413,-0.001627670601,-0.01815253682,-1,-1,-1,-1,-1
1712956837429840,0.2843307853,0,-0.04012980312,0.2370909005,-0.00183411222,-0.01975772902,-1,-1,-1,-1,-1
1712956837470250,0.2834995985,0,-0.0267731417,0.2484286726,-0.002058150014,-0.02082865499,-1,-1,-1,-1,-1
1712956837511660,0.2838007808,0,-0.06532283127,0.2597782314,-0.002294580452,-0.02344156802,-1,-1,-1,-1,-1
1712956837552060,0.2846263945,0,-0.0401715599,0.2711601555,-0.002561439527,-0.02504843101,-1,-1,-1,-1,-1
1712956837592610,0.2825347781,0,-0.02668206953,0.2824580073,-0.002844491974,-0.02611571364,-1,-1,-1,-1,-1
1712956837633050,0.2853652239,0,-0.05350529402,0.2938687205,-0.003142558737,-0.02825592458,-1,-1,-1,-1,-1
1712956837673480,0.2865059078,0,-0.04014286771,0.3053243756,-0.003466335125,-0.02986164019,-1,-1,-1,-1,-1
1712956837713900,0.2844785452,0,-0.01338356081,0.316698432,-0.003806084394,-0.03039698303,-1,-1,-1,-1,-1
1712956837754290,0.2825971842,0,-0.04017962888,0.3279970884,-0.004149635322,-0.03200416639,-1,-1,-1,-1,-1
1712956837794830,0.2846753895,0,-0.02668796107,0.3393782675,-0.004514005035,-0.03307168558,-1,-1,-1,-1,-1
1712956837836350,0.2830420434,0,-0.01302964892,0.3506937623,-0.004888364114,-0.03359287232,-1,-1,-1,-1,-1
1712956837876760,0.2844855785,0,-0.04015183449,0.3620667756,-0.005270559806,-0.03519894555,-1,-1,-1,-1,-1
1712956837917180,0.2855841517,0,-0.05354628339,0.3734830618,-0.005672567058,-0.03734079748,-1,-1,-1,-1,-1
1712956837957560,0.2847109735,0,-0.04018360004,0.3848635554,-0.006097721402,-0.03894814104,-1,-1,-1,-1,-1
1712956837998100,0.2847105265,0,-0.02669129148,0.3962433338,-0.00654116692,-0.04001579434,-1,-1,-1,-1,-1
1712956838038540,0.2874765992,0,-0.05351054668,0.407733202,-0.007001188118,-0.04215621576,-1,-1,-1,-1,-1
1712956838080020,0.2873422205,0,-0.0652031973,0.4192166924,-0.007485575043,-0.04476434365,-1,-1,-1,-1,-1
1712956838120420,0.2877043188,0,-0.02677634358,0.4307133257,-0.008000559174,-0.04583539814,-1,-1,-1,-1,-1
1712956838158200,0.3043573499,0,-0.04295648262,0.442874819,-0.008558377624,-0.04755365849,-1,-1,-1,-1,-1
1712956838198740,0.2898702323,0,-0.06671990454,0.4544565082,-0.009109545499,-0.05022245646,-1,-1,-1,-1,-1
1712956838239180,0.2791439593,0,0.8026575446,0.4656081796,-0.009670081548,-0.01811615378,-1,-1,-1,-1,-1
1712956838279610,0.2823664546,0,1.378372669,0.4769009948,-0.009874685667,0.03701875359,-1,-1,-1,-1,-1
1712956838320030,0.288646698,0,1.672948122,0.4884389639,-0.009447369725,0.1039366797,-1,-1,-1,-1,-1
1712956838360500,0.2893093824,0,1.764319658,0.499948889,-0.008246740326,0.1745094657,-1,-1,-1,-1,-1
1712956838401710,0.2871737182,0,1.771975636,0.511261344,-0.006252317689,0.2453884929,-1,-1,-1,-1,-1
1712956838442160,0.2780405283,0,1.885825753,0.5220497847,-0.003550506895,0.3208215237,-1,-1,-1,-1,-1
1712956838482590,0.2865059078,0,1.859950066,0.5329253078,6.34E-05,0.3952195346,-1,-1,-1,-1,-1
1712956838523010,0.2844574153,0,1.86018002,0.5434264541,0.004444202408,0.4696267247,-1,-1,-1,-1,-1
1712956838563420,0.2876829207,0,1.874211788,0.5536879301,0.009651877917,0.5445951819,-1,-1,-1,-1,-1
1712956838603960,0.2867250443,0,1.867971301,0.5634977818,0.01559364423,0.6193140149,-1,-1,-1,-1,-1
1712956838644410,0.2874481976,0,1.84592998,0.5728603005,0.02226792276,0.6931512356,-1,-1,-1,-1,-1
1712956838685890,0.2853046358,0,1.890845776,0.5816389918,0.02955990285,0.7687850595,-1,-1,-1,-1,-1
1712956838726300,0.2887181044,0,1.86077857,0.5899397135,0.0375892967,0.8432161808,-1,-1,-1,-1,-1
1712956838766720,0.2886609733,0,1.887178659,0.5976188183,0.04621201381,0.9187033176,-1,-1,-1,-1,-1
1712956838807260,0.2836574614,0,1.854948878,0.6045043468,0.05523022637,0.9929012656,-1,-1,-1,-1,-1
1712956838847700,0.2874197662,0,1.845747232,0.6107845902,0.06486010551,1.066731215,-1,-1,-1,-1,-1
1712956838888120,0.2855135202,0,1.8468889,0.6163005829,0.07486023009,1.140606761,-1,-1,-1,-1,-1
1712956838928540,0.2834855616,0,1.820482731,0.6210296154,0.08516647667,1.213426113,-1,-1,-1,-1,-1
1712956838968960,0.2875761986,0,1.819987297,0.625053525,0.09594276547,1.286225557,-1,-1,-1,-1,-1
1712956839010610,0.2831698656,0,1.844433308,0.6282334924,0.1068140194,1.360002875,-1,-1,-1,-1,-1
1712956839051050,0.2853793502,0,1.846021175,0.6306219697,0.1179765239,1.433843732,-1,-1,-1,-1,-1
1712956839091480,0.2865059078,0,1.833188057,0.6321865916,0.1293294579,1.507171273,-1,-1,-1,-1,-1
1712956839132950,0.2813179791,0,1.839172363,0.6329020858,0.1405594051,1.580738187,-1,-1,-1,-1,-1
1712956839173380,0.2791992128,0,1.016900897,0.6327910423,0.151726827,1.621414185,-1,-1,-1,-1,-1
1712956839214650,0.2908593416,0,0.4063361585,0.6322023869,0.1633463055,1.637667656,-1,-1,-1,-1,-1
1712956839255090,0.2979071736,0,0.133782953,0.6314061284,0.1752359569,1.643018961,-1,-1,-1,-1,-1
1712956839295500,0.2865767777,0,-0.01338432916,0.6305789351,0.1866691411,1.642483592,-1,-1,-1,-1,-1
1712956839335920,0.287633121,0,-0.05353962258,0.6297548413,0.1981449127,1.640341997,-1,-1,-1,-1,-1
1712956839376330,0.2887252867,0,-0.04016169533,0.6289523244,0.2096660137,1.638735533,-1,-1,-1,-1,-1
1712956839416870,0.2898487747,0,-0.01334295608,0.6281652451,0.2212332189,1.638201833,-1,-1,-1,-1,-1
1712956839457310,0.289552629,0,-0.0267545674,0.6273851395,0.2327890247,1.637131691,-1,-1,-1,-1,-1
1712956839497740,0.2917151153,0,-0.02676186897,0.62661165,0.2444319725,1.636061192,-1,-1,-1,-1,-1
1712956839539130,0.2889845371,0,-0.05227601901,0.6258577704,0.2559667528,1.633970141,-1,-1,-1,-1,-1
1712956839579540,0.2929163575,0,-0.01338817179,0.6251180768,0.2676600218,1.633434653,-1,-1,-1,-1,-1
1712956839620080,0.2919121385,0,-0.04002694786,0.624387145,0.2793135941,1.631833553,-1,-1,-1,-1,-1
1712956839660520,0.290630132,0,-0.04013684765,0.6236780286,0.2909171581,1.630228043,-1,-1,-1,-1,-1
1712956839700920,0.2918594778,0,-0.02677519061,0.6229845881,0.3025709391,1.629157066,-1,-1,-1,-1,-1
1712956839741360,0.2906444967,0,-0.04013876989,0.6223064661,0.3141769171,1.627551556,-1,-1,-1,-1,-1
1712956839782910,0.290940702,0,-0.03905974329,0.6216463447,0.3257957995,1.625989199,-1,-1,-1,-1,-1
1712956839823440,0.2920201719,0,-0.06673629582,0.6210019588,0.3374588192,1.623319745,-1,-1,-1,-1,-1
1712956839863870,0.291693449,0,0,0.6203894019,0.3491104543,1.623319745,-1,-1,-1,-1,-1
1712956839904280,0.2907523513,0,-0.04015375674,0.6197788119,0.3607245088,1.621713638,-1,-1,-1,-1,-1
1712956839944700,0.2887038291,0,-0.04015862197,0.6191910505,0.3722577095,1.620107293,-1,-1,-1,-1,-1
1712956839985110,0.2928583622,0,-0.04015669972,0.6186136603,0.3839578032,1.618501067,-1,-1,-1,-1,-1
1712956840025650,0.2919553518,0,-0.01334423665,0.6180567741,0.3956227303,1.617967248,-1,-1,-1,-1,-1
1712956840066080,0.2917150855,0,-0.05352373794,0.6175065637,0.4072783589,1.615826249,-1,-1,-1,-1,-1
1712956840107660,0.288677007,0,-0.06504628807,0.6169867516,0.4188137352,1.613224387,-1,-1,-1,-1,-1
1712956840151110,0.2724016309,0,-0.01245055627,0.6165245771,0.4296999872,1.612726331,-1,-1,-1,-1,-1
1712956840191530,0.279247582,0,-0.883251071,0.6160563827,0.4408600628,1.577396274,-1,-1,-1,-1,-1
1712956840232160,0.2944041789,0,-1.544433475,0.6159786582,0.4526359737,1.51561892,-1,-1,-1,-1,-1
1712956840272590,0.2969096303,0,-1.752816081,0.6166336536,0.464494288,1.445506334,-1,-1,-1,-1,-1
1712956840313020,0.2938060462,0,-1.926902533,0.6181022525,0.4761544168,1.368430257,-1,-1,-1,-1,-1
1712956840354470,0.2896102369,0,-1.918545127,0.6204305887,0.4875024259,1.291688442,-1,-1,-1,-1,-1
1712956840394890,0.29491359,0,-1.940715671,0.623680532,0.498842448,1.21405983,-1,-1,-1,-1,-1
1712956840435430,0.2950431705,0,-1.948075175,0.6278018951,0.509901166,1.13613677,-1,-1,-1,-1,-1
1712956840475830,0.2960582078,0,-1.954777122,0.6327887177,0.5206423402,1.057945728,-1,-1,-1,-1,-1
1712956840516260,0.2938205898,0,-1.926997662,0.6385554075,0.5308831334,0.9808658361,-1,-1,-1,-1,-1
1712956840556670,0.29808411,0,-1.954390287,0.6451883912,0.5407912135,0.9026902318,-1,-1,-1,-1,-1
1712956840597080,0.297034502,0,-1.940955758,0.6525489092,0.5501180291,0.8250520229,-1,-1,-1,-1,-1
1712956840637620,0.2951232791,0,-1.895217538,0.6605587602,0.5587897301,0.749243319,-1,-1,-1,-1,-1
1712956840679130,0.292193532,0,-1.954586744,0.6691165566,0.5667500496,0.6710598469,-1,-1,-1,-1,-1
1712956840719550,0.2970198095,0,-1.88731873,0.6784211397,0.5741377473,0.5955671072,-1,-1,-1,-1,-1
1712956840759950,0.2918666899,0,-1.927855968,0.6880857944,0.5806869864,0.5184528828,-1,-1,-1,-1,-1
1712956840800370,0.295955658,0,-1.954099774,0.6983683109,0.5865532756,0.4402889013,-1,-1,-1,-1,-1
1712956840840910,0.2940043211,0,-1.934732318,0.7090069056,0.5915654898,0.3628996015,-1,-1,-1,-1,-1
1712956840881320,0.296006918,0,-1.954438448,0.7200760245,0.5957686305,0.28472206,-1,-1,-1,-1,-1
1712956840922850,0.2951305807,0,-1.914803267,0.7314059734,0.5990846157,0.2081299275,-1,-1,-1,-1,-1
1712956840963270,0.29491359,0,-1.940715671,0.7429479361,0.6015221477,0.1305013001,-1,-1,-1,-1,-1
1712956841003690,0.2980546057,0,-1.954196811,0.7547687292,0.603073597,0.05233342946,-1,-1,-1,-1,-1
1712956841044240,0.2887742519,0,-1.147354722,0.7663038969,0.6036778092,0.006439242512,-1,-1,-1,-1,-1
1712956841084660,0.290694803,0,-0.4683674872,0.7779314518,0.6037526727,-0.0122954566,-1,-1,-1,-1,-1
1712956841125080,0.3032653332,0,-0.2007736415,0.7900611758,0.6036035419,-0.02032640204,-1,-1,-1,-1,-1
1712956841162290,0.1482562721,0,-0.1598895192,0.7959902287,0.6034830213,-0.02672198229,-1,-1,-1,-1,-1
1712956841202710,0.1979887187,0,0,0.8039069772,0.6032714248,-0.02672198229,-1,-1,-1,-1,-1
1712956841244100,0.2605308592,0,0.07842536271,0.8143244982,0.6029930115,-0.02358496748,-1,-1,-1,-1,-1
1712956841284510,0.2460080385,0,-0.05355294421,0.824162066,0.6027609706,-0.02572708577,-1,-1,-1,-1,-1
1712956841324920,0.2668099403,0,-0.02677173167,0.8348309398,0.6024864316,-0.02679795586,-1,-1,-1,-1,-1
1712956841365350,0.2833593488,0,-0.02675994858,0.8461612463,0.6021827459,-0.02786835283,-1,-1,-1,-1,-1
1712956841405790,0.2885467708,0,-0.04013684765,0.8576986194,0.6018611193,-0.02947382629,-1,-1,-1,-1,-1
1712956841446310,0.2920418084,0,-0.04004462436,0.8693752289,0.6015168428,-0.03107561171,-1,-1,-1,-1,-1
1712956841486720,0.2908315361,0,-0.01338829938,0.881002903,0.6011554003,-0.03161114454,-1,-1,-1,-1,-1
1712956841527860,0.2928022146,0,-0.02629805729,0.892709136,0.6007852554,-0.03266306594,-1,-1,-1,-1,-1
1712956841568270,0.2928946018,0,-0.09371054173,0.9044186473,0.6004026532,-0.03641148657,-1,-1,-1,-1,-1
1712956841608690,0.2896815836,0,-0.02676648088,0.9159982204,0.5999808311,-0.03748214617,-1,-1,-1,-1,-1
1712956841649240,0.2929003835,0,-0.05336004123,0.9277060032,0.5995417833,-0.03961654752,-1,-1,-1,-1,-1
1712956841689650,0.290802747,0,-0.04016080126,0.9393289685,0.599081099,-0.04122297838,-1,-1,-1,-1,-1
1712956841730060,0.2939587533,0,-0.05355294421,0.951077342,0.5985965133,-0.04336509481,-1,-1,-1,-1,-1
1712956841770480,0.2896672487,0,-0.02676519938,0.9626531601,0.5980942249,-0.04443570226,-1,-1,-1,-1,-1
1712956841810890,0.2929163575,0,-0.06694111228,0.9743582606,0.5975737572,-0.0471133478,-1,-1,-1,-1,-1
1712956841852230,0.2842470109,0,-0.9813831449,0.9857155085,0.597038269,-0.08636867255,-1,-1,-1,-1,-1
1712956841892650,0.2917656302,0,-1.498924255,0.9973426461,0.5960315466,-0.1463256478,-1,-1,-1,-1,-1
1712956841933070,0.2959117293,0,-1.766458392,1.009052634,0.5943057537,-0.216983974,-1,-1,-1,-1,-1
1712956841973490,0.2928728163,0,-1.94100368,1.020492792,0.5917837024,-0.29462412,-1,-1,-1,-1,-1
1712956842013890,0.2908675075,0,-1.941532373,1.031626225,0.5884051919,-0.3722854257,-1,-1,-1,-1,-1
1712956842054440,0.2970330417,0,-1.947498798,1.042693615,0.5840834379,-0.4501853585,-1,-1,-1,-1,-1
1712956842094880,0.292691797,0,-1.966559768,1.053234816,0.5789890289,-0.528847754,-1,-1,-1,-1,-1
1712956842138350,0.28192693,0,-1.85402441,1.062971354,0.5732992887,-0.6030087471,-1,-1,-1,-1,-1
1712956842178780,0.292742461,0,-1.966900349,1.072615862,0.5666584373,-0.6816847324,-1,-1,-1,-1,-1
1712956842219200,0.2928149104,0,-1.940619707,1.081710815,0.5592783093,-0.7593095303,-1,-1,-1,-1,-1
1712956842259750,0.2929365039,0,-1.94788301,1.090209603,0.5512117743,-0.8372248411,-1,-1,-1,-1,-1
1712956842300180,0.2917151153,0,-1.953616738,1.098022103,0.5425444841,-0.9153695107,-1,-1,-1,-1,-1
1712956842340580,0.2939805686,0,-1.954825521,1.105189323,0.5332219005,-0.9935625196,-1,-1,-1,-1,-1
1712956842381000,0.290773958,0,-1.967679024,1.111536384,0.5234754682,-1.072269678,-1,-1,-1,-1,-1
1712956842421400,0.2929235995,0,-1.941340208,1.117138624,0.513184607,-1.149923325,-1,-1,-1,-1,-1
1712956842462990,0.2896411419,0,-1.977076173,1.121872067,0.5026100278,-1.22900641,-1,-1,-1,-1,-1
1712956842503430,0.2947239578,0,-1.939468026,1.125823379,0.4915030003,-1.306585073,-1,-1,-1,-1,-1
1712956842543830,0.2919389606,0,-1.981898189,1.128872991,0.4802306592,-1.385861039,-1,-1,-1,-1,-1
1712956842584240,0.2897747755,0,-1.954583406,1.131004333,0.4688373208,-1.464044333,-1,-1,-1,-1,-1
1712956842624650,0.2918305993,0,-1.95438993,1.132248163,0.4572305381,-1.542219877,-1,-1,-1,-1,-1
1712956842665180,0.2899202704,0,-1.935209394,1.132579565,0.4456384778,-1.619628191,-1,-1,-1,-1,-1
1712956842705620,0.2895884514,0,-1.953326821,1.132014155,0.4340687394,-1.697761297,-1,-1,-1,-1,-1
1712956842746620,0.2897211313,0,-1.900111794,1.130546689,0.422573179,-1.773765802,-1,-1,-1,-1,-1
1712956842787020,0.2824712992,0,-1.084365487,1.128269076,0.4115062654,-1.81714046,-1,-1,-1,-1,-1
1712956842827440,0.2834925652,0,-0.4551320076,1.125503778,0.4005089104,-1.835345745,-1,-1,-1,-1,-1
1712956842867990,0.2939535379,0,-0.2267915756,1.122429371,0.3891598284,-1.844417453,-1,-1,-1,-1,-1
1712956842908420,0.2979219258,0,-0.1605473906,1.11920917,0.3776862621,-1.850839376,-1,-1,-1,-1,-1
1712956842948820,0.2898536623,0,-0.08034721762,1.116004586,0.3665437698,-1.854053259,-1,-1,-1,-1,-1
1712956842989230,0.2772116363,0,0,1.112905502,0.3558971882,-1.854053259,-1,-1,-1,-1,-1
1712956843029650,0.2824223638,0,-0.01338484138,1.109748244,0.3450504839,-1.854588628,-1,-1,-1,-1,-1
1712956843070190,0.2846613824,0,-0.05337323248,1.106560111,0.3341194689,-1.856723547,-1,-1,-1,-1,-1
1712956843110840,0.2859773636,0,-0.05323143676,1.103333712,0.3231447935,-1.858852863,-1,-1,-1,-1,-1
1712956843148480,0.3043461442,0,-0.02874187753,1.099875212,0.3114725351,-1.860002518,-1,-1,-1,-1,-1
1712956843188910,0.2865484357,0,-0.04014876112,1.096606374,0.3004865944,-1.861608505,-1,-1,-1,-1,-1
1712956843229330,0.2834013999,0,-0.02676379122,1.093356013,0.2896265388,-1.862679005,-1,-1,-1,-1,-1
1712956843269870,0.2878206968,0,-0.04003578424,1.090043187,0.2786006629,-1.864280462,-1,-1,-1,-1,-1
1712956843310310,0.2749708593,0,0.8561470509,1.086861372,0.2680721283,-1.830034614,-1,-1,-1,-1,-1
1712956843350690,0.2815822959,0,1.393030047,1.083974123,0.2571851909,-1.77431345,-1,-1,-1,-1,-1
1712956843391120,0.294862479,0,0.7360060215,1.081590295,0.2456341088,-1.744873166,-1,-1,-1,-1,-1
1712956843432590,0.2803429365,0,0.417461127,1.079648137,0.2345898598,-1.728174686,-1,-1,-1,-1,-1
1712956843473140,0.2908159494,0,0.1867556572,1.07782495,0.2231009901,-1.720704436,-1,-1,-1,-1,-1
1712956843513600,0.2841902673,0,0.01337011065,1.076127172,0.2118608654,-1.720169663,-1,-1,-1,-1,-1
1712956843554000,0.2814846933,0,-0.05355947465,1.074451566,0.2007268518,-1.722312093,-1,-1,-1,-1,-1
1712956843594420,0.2844785154,0,-0.04015081003,1.072733998,0.1894780844,-1.72391808,-1,-1,-1,-1,-1
1712956843634840,0.2844785452,0,-0.01338356081,1.07099843,0.1782320887,-1.724453449,-1,-1,-1,-1,-1
1712956843676490,0.2861900628,0,-0.03896508366,1.069246292,0.1669193655,-1.726012111,-1,-1,-1,-1,-1
1712956843716930,0.2874695361,0,-0.0535091348,1.067468643,0.1555588245,-1.728152514,-1,-1,-1,-1,-1
1712956843757310,0.2847321033,0,-0.01339547243,1.065683842,0.1443102509,-1.728688359,-1,-1,-1,-1,-1
1712956843797730,0.2845277786,0,-0.01338599436,1.063894272,0.1330707073,-1.729223847,-1,-1,-1,-1,-1
1712956843838140,0.285598278,0,-0.05354897305,1.062091947,0.1217898428,-1.7313658,-1,-1,-1,-1,-1
1712956843878690,0.2866402268,0,-0.02667745762,1.060258865,0.1104717255,-1.732432842,-1,-1,-1,-1,-1
1712956843919130,0.2864350379,0,-0.04013287649,1.058414936,0.09916366637,-1.734038115,-1,-1,-1,-1,-1
1712956843960370,0.2849707305,0,-0.0655920729,1.056562424,0.08791637421,-1.736661792,-1,-1,-1,-1,-1
1712956844000770,0.2845911682,0,-0.01338894013,1.05468297,0.07668896019,-1.737197399,-1,-1,-1,-1,-1
1712956844041190,0.2855276465,0,-0.05353577808,1.052791238,0.06542561203,-1.739338875,-1,-1,-1,-1,-1
1712956844081730,0.2846613824,0,-0.02668668143,1.050881267,0.05420050025,-1.740406394,-1,-1,-1,-1,-1
1712956844122190,0.2852665186,0,-0.02674329653,1.048955202,0.04295357317,-1.741476178,-1,-1,-1,-1,-1
1712956844162260,0.2890512049,0,-0.04049934074,1.046991348,0.03155952692,-1.743096113,-1,-1,-1,-1,-1
1712956844202670,0.2876615822,0,-0.05354487151,1.045018554,0.02022343874,-1.745237947,-1,-1,-1,-1,-1
1712956844243080,0.2845559418,0,-0.01338727493,1.043043017,0.009013942443,-1.745773435,-1,-1,-1,-1,-1
1712956844284550,0.2853734195,0,-0.01304348279,1.041055799,-0.002226693556,-1.746295214,-1,-1,-1,-1,-1
1712956844325010,0.2863430083,0,-0.04011993855,1.039055943,-0.01350448001,-1.747900009,-1,-1,-1,-1,-1
1712956844365420,0.2855770886,0,-0.05354500189,1.037043452,-0.02474888414,-1.750041842,-1,-1,-1,-1,-1
1712956844405810,0.2836470008,0,-0.02678697556,1.03502059,-0.03591298312,-1.751113296,-1,-1,-1,-1,-1
1712956844446220,0.285598278,0,-0.05354897305,1.032971859,-0.04715169594,-1.753255248,-1,-1,-1,-1,-1
1712956844486770,0.2866826355,0,-0.05336273089,1.03089118,-0.05842864886,-1.75538981,-1,-1,-1,-1,-1
1712956844527200,0.283310324,0,-0.02675520815,1.028811097,-0.06956853718,-1.756460071,-1,-1,-1,-1,-1
1712956844568310,0.2858789265,0,-0.03948064521,1.026700139,-0.08080717176,-1.758039355,-1,-1,-1,-1,-1
1712956844608700,0.2878396809,0,-0.02678902447,1.024556875,-0.09211951494,-1.759110928,-1,-1,-1,-1,-1
1712956844649120,0.2876046598,0,-0.02676712163,1.02240324,-0.1034203172,-1.760181665,-1,-1,-1,-1,-1
1712956844689670,0.2835665047,0,-0.01334065013,1.020267963,-0.114560172,-1.760715246,-1,-1,-1,-1,-1
1712956844730130,0.2841972709,0,-0.01337036677,1.018121958,-0.12572366,-1.761250019,-1,-1,-1,-1,-1
1712956844770620,0.2860742509,0,-0.04008228332,1.015955806,-0.1369597167,-1.762853265,-1,-1,-1,-1,-1
1712956844811010,0.2867186666,0,-0.04017258435,1.013766646,-0.1482175887,-1.764460206,-1,-1,-1,-1,-1
1712956844851430,0.2824153602,0,-0.04015362635,1.011592507,-0.1593030244,-1.766066313,-1,-1,-1,-1,-1
1712956844892980,0.2879133523,0,-0.05208209157,1.009357929,-0.1706006825,-1.768149614,-1,-1,-1,-1,-1
1712956844933420,0.2864208817,0,-0.01337689999,1.007111549,-0.1818351299,-1.768684745,-1,-1,-1,-1,-1
1712956844973840,0.2855064273,0,-0.02676584013,1.004866362,-0.1930325031,-1.769755363,-1,-1,-1,-1,-1
1712956845014240,0.2877399027,0,-0.02677980252,1.002591491,-0.2043150514,-1.770826578,-1,-1,-1,-1,-1
1712956845054660,0.2844574153,0,-0.04014773667,1.000330687,-0.2154664695,-1.772432446,-1,-1,-1,-1,-1
1712956845095210,0.2877851725,0,-0.01334372442,0.9980252385,-0.2267446518,-1.772966146,-1,-1,-1,-1,-1
1712956845140720,0.2600368559,0,-0.01188529748,0.9959366918,-0.2369342744,-1.773441553,-1,-1,-1,-1,-1
1712956845181130,0.2866406143,0,-0.04016169533,0.9936290979,-0.2481652796,-1.775048018,-1,-1,-1,-1,-1
1712956845221520,0.28677544,0,-0.04018065333,0.991302371,-0.2593978643,-1.776655197,-1,-1,-1,-1,-1
1712956845261930,0.283506602,0,-0.02677378058,0.9889843464,-0.270498693,-1.777726173,-1,-1,-1,-1,-1
1712956845302470,0.2867179811,0,-0.05336939171,0.9866280556,-0.2817227542,-1.779860973,-1,-1,-1,-1,-1
1712956845342920,0.2853652239,0,-0.05350529402,0.9842590094,-0.2928888202,-1.782001138,-1,-1,-1,-1,-1
1712956845383350,0.2864492238,0,-0.01337818056,0.9818570018,-0.3040921688,-1.782536268,-1,-1,-1,-1,-1
1712956845423740,0.2867683768,0,-0.04017950222,0.9794462919,-0.3153067231,-1.784143448,-1,-1,-1,-1,-1
1712956845464150,0.2846052647,0,-0.0401686132,0.9770358801,-0.3264328241,-1.785750151,-1,-1,-1,-1,-1
1712956845504960,0.2858322263,0,-0.01325303689,0.974597156,-0.3376030028,-1.786280274,-1,-1,-1,-1,-1
1712956845545410,0.2863430083,0,-0.01337331347,0.9721481204,-0.3487918377,-1.786815166,-1,-1,-1,-1,-1
1712956845585840,0.2823734879,0,-0.04014773667,0.9697271585,-0.35982427,-1.788421035,-1,-1,-1,-1,-1
1712956845626220,0.283668071,0,-0.02678902447,0.9672772884,-0.3709033728,-1.789492607,-1,-1,-1,-1,-1
1712956845666640,0.2876259983,0,-0.02676917054,0.9647811651,-0.382134378,-1.790563345,-1,-1,-1,-1,-1
1712956845707180,0.2836224735,0,-0.04003002122,0.96230793,-0.3932064176,-1.792164564,-1,-1,-1,-1,-1
1712956845747610,0.2844222188,0,-0.04014274105,0.9598099589,-0.4043056965,-1.793770313,-1,-1,-1,-1,-1
1712956845788040,0.2865271568,0,-0.04014581442,0.9572755694,-0.4154830575,-1.795376182,-1,-1,-1,-1,-1
1712956845829590,0.2817967534,0,-0.02603790723,0.9547653794,-0.4264718592,-1.796417713,-1,-1,-1,-1,-1
1712956845870000,0.2834995985,0,-0.0267731417,0.9522284865,-0.4375244379,-1.797488689,-1,-1,-1,-1,-1
1712956845910550,0.2845911682,0,-0.02668002062,0.9496699572,-0.4486168325,-1.798555851,-1,-1,-1,-1,-1
1712956845951150,0.2759349346,0,0.8526889086,0.9471777678,-0.4593691826,-1.764448285,-1,-1,-1,-1,-1
1712956845991570,0.2793235779,0,1.392168403,0.9450275898,-0.4703332782,-1.708761573,-1,-1,-1,-1,-1
1712956846032030,0.2893666029,0,1.711193562,0.9434357285,-0.4817979634,-1.640313864,-1,-1,-1,-1,-1
1712956846073330,0.287630409,0,1.70299983,0.9426365495,-0.493275404,-1.572193861,-1,-1,-1,-1,-1
1712956846113870,0.2825556695,0,1.894563198,0.9426207542,-0.5045776367,-1.496411324,-1,-1,-1,-1,-1
1712956846154270,0.2783502042,0,1.861147046,0.9434481859,-0.5156808496,-1.42196548,-1,-1,-1,-1,-1
1712956846194700,0.2791992128,0,1.819717407,0.9451041818,-0.5267253518,-1.349176764,-1,-1,-1,-1,-1
1712956846235160,0.2790059745,0,1.871941924,0.9475573301,-0.537612617,-1.274299145,-1,-1,-1,-1,-1
1712956846275570,0.2825062573,0,1.887832642,0.9508589506,-0.5484197736,-1.198785782,-1,-1,-1,-1,-1
1712956846316100,0.2815793455,0,1.854948759,0.9549530149,-0.5589125156,-1.124587774,-1,-1,-1,-1,-1
1712956846357240,0.2836157382,0,1.880494833,0.9598487616,-0.5691463947,-1.049368024,-1,-1,-1,-1,-1
1712956846397650,0.2814010978,0,1.847254634,0.9654555917,-0.5789065957,-0.9754778147,-1,-1,-1,-1,-1
1712956846438110,0.2831632793,0,1.871895552,0.9718071818,-0.5882846117,-0.9006019831,-1,-1,-1,-1,-1
1712956846478520,0.2814637721,0,1.847665906,0.9788002968,-0.5971079469,-0.826695323,-1,-1,-1,-1,-1
1712956846519060,0.2846613824,0,1.841376901,0.9865124822,-0.6054849029,-0.7530402541,-1,-1,-1,-1,-1
1712956846559490,0.2833313048,0,1.873006463,0.9947813749,-0.6132352352,-0.6781200171,-1,-1,-1,-1,-1
1712956846599920,0.2833873928,0,1.846614957,1.003608942,-0.6203463078,-0.6042554379,-1,-1,-1,-1,-1
1712956846640390,0.2831072807,0,1.844789386,1.012928009,-0.6267802119,-0.5304638743,-1,-1,-1,-1,-1
1712956846681550,0.2855177522,0,1.853248239,1.022779226,-0.6325583458,-0.4563339353,-1,-1,-1,-1,-1
1712956846722100,0.2825277746,0,1.841013432,1.032923937,-0.6375383139,-0.3826934099,-1,-1,-1,-1,-1
1712956846762550,0.2853017449,0,1.845519066,1.043510437,-0.6417998075,-0.3088726401,-1,-1,-1,-1,-1
1712956846802960,0.2844925821,0,1.833641768,1.054351568,-0.6452590823,-0.235526979,-1,-1,-1,-1,-1
1712956846843360,0.2835908234,0,1.874722123,1.065382004,-0.6479061842,-0.1605380923,-1,-1,-1,-1,-1
1712956846883780,0.2824083865,0,1.833641768,1.076533079,-0.6497119069,-0.08719242364,-1,-1,-1,-1,-1
1712956846924330,0.2804849744,0,1.014016628,1.087709904,-0.6506888866,-0.0466317609,-1,-1,-1,-1,-1
1712956846965460,0.287746191,0,0.355101645,1.099207282,-0.6512253881,-0.03242769465,-1,-1,-1,-1,-1
1712956847005880,0.2959483564,0,0.1606069505,1.111039042,-0.6516091824,-0.02600341663,-1,-1,-1,-1,-1
1712956847046350,0.2955242991,0,0.02672946267,1.122856021,-0.6519165039,-0.02493423782,80,619.6110229,203.8166504,20600,7900
1712956847086750,0.2825272381,0,-0.09372924268,1.134153605,-0.6521982551,-0.02868340723,-1,-1,-1,-1,-1
1712956847126560,0.293099016,0,-0.04076999426,1.145872712,-0.6525344849,-0.03031420708,-1,-1,-1,-1,-1
1712956847167010,0.2863854766,0,-0.06687656045,1.157322884,-0.6528816819,-0.03298927099,-1,-1,-1,-1,-1
1712956847207430,0.289688766,0,-0.02676712163,1.168904185,-0.6532638669,-0.03405995667,-1,-1,-1,-1,-1
1712956847247810,0.2878824174,0,-0.05358599126,1.180412769,-0.6536560059,-0.03620339558,-1,-1,-1,-1,-1
1712956847289600,0.2872058749,0,-0.01294306107,1.191893458,-0.6540718079,-0.03672111779,-1,-1,-1,-1,-1
1712956847330150,0.2867108881,0,-0.05336797982,1.20335412,-0.6544928551,-0.0388558358,-1,-1,-1,-1,-1
1712956847370580,0.2895956039,0,-0.02675853856,1.214929223,-0.6549428701,-0.03992617875,-1,-1,-1,-1,-1
1712956847411000,0.2907092273,0,-0.06691293418,1.226548314,-0.6554070115,-0.04260269552,-1,-1,-1,-1,-1
1712956847451470,0.2924747765,0,-0.06684017926,1.238236666,-0.6559052467,-0.04527630284,-1,-1,-1,-1,-1
1712956847491870,0.2888181806,0,-0.04017463326,1.249777555,-0.6564281583,-0.04688328877,-1,-1,-1,-1,-1
1712956847533050,0.2904933691,0,-0.05254884809,1.261384487,-0.6569727063,-0.04898524284,-1,-1,-1,-1,-1
1712956847573480,0.2906588912,0,-0.0401408188,1.272996902,-0.6575419903,-0.05059087649,-1,-1,-1,-1,-1
1712956847613890,0.2897532582,0,-0.08031929284,1.284572244,-0.6581280828,-0.0538036488,-1,-1,-1,-1,-1
1712956847654290,0.288739562,0,-0.04016374797,1.296105146,-0.6587491632,-0.05541019887,-1,-1,-1,-1,-1
1712956847694680,0.2888968885,0,-0.06697595119,1.307643294,-0.6593891382,-0.05808923766,-1,-1,-1,-1,-1
1712956847735220,0.2888383865,0,-0.05337720364,1.319177389,-0.6600598693,-0.06022432446,-1,-1,-1,-1,-1
1712956847775640,0.2907164097,0,-0.06691460311,1.330784917,-0.660759747,-0.06290090829,-1,-1,-1,-1,-1
1712956847816060,0.2875832915,0,-0.05353039876,1.342265487,-0.661482811,-0.0650421232,-1,-1,-1,-1,-1
1712956847856480,0.2897245884,0,-0.05354090407,1.35382998,-0.6622360349,-0.06718376279,-1,-1,-1,-1,-1
1712956847897320,0.2898177803,0,-0.0662330389,1.3653965,-0.6630142927,-0.06983308494,-1,-1,-1,-1,-1
1712956847937850,0.2836434543,0,-0.04003296793,1.376714587,-0.6638059616,-0.07143440098,-1,-1,-1,-1,-1
1712956847978290,0.2916862369,0,-0.05351835862,1.388352275,-0.6646386981,-0.07357513905,-1,-1,-1,-1,-1
1712956848018700,0.2886681259,0,-0.04015375674,1.399867773,-0.6654874682,-0.07518129051,-1,-1,-1,-1,-1
1712956848059170,0.2851959765,0,-0.08021029085,1.411243439,-0.6663443446,-0.07838970423,-1,-1,-1,-1,-1
1712956848099580,0.2855558693,0,-0.02677045204,1.422630548,-0.6672388315,-0.07946052402,-1,-1,-1,-1,-1
1712956848139650,0.2817568481,0,0.8371763825,1.433865309,-0.6681334376,-0.04597346857,-1,-1,-1,-1,-1
1712956848180090,0.2822477818,0,1.404546499,1.445143342,-0.6686522961,0.01020839065,-1,-1,-1,-1,-1
1712956848221290,0.2954498529,0,1.746317267,1.456960678,-0.6685316563,0.08006107807,-1,-1,-1,-1,-1
1712956848261690,0.2929163575,0,1.78063333,1.468639851,-0.6675946116,0.1512864083,-1,-1,-1,-1,-1
1712956848302080,0.2878610194,0,1.848580837,1.480022788,-0.665859282,0.2252296507,-1,-1,-1,-1,-1
1712956848343010,0.2819353342,0,1.876605034,1.491015315,-0.6633406878,0.3002938628,-1,-1,-1,-1,-1
1712956848383450,0.2833453417,0,1.873099327,1.501841903,-0.6599881649,0.3752178252,-1,-1,-1,-1,-1
1712956848423870,0.2875904143,0,1.846843243,1.512545228,-0.655772388,0.4490915537,-1,-1,-1,-1,-1
1712956848465240,0.2860908508,0,1.843751311,1.52285409,-0.650804162,0.5228415728,-1,-1,-1,-1,-1
1712956848505610,0.2879252136,0,1.875790119,1.532832503,-0.6450532079,0.5978731513,-1,-1,-1,-1,-1
1712956848546160,0.2856791615,0,1.854582906,1.542277455,-0.6386210322,0.6720564365,-1,-1,-1,-1,-1
1712956848586600,0.2884683013,0,1.85916853,1.551306963,-0.6314370632,0.7464231849,-1,-1,-1,-1,-1
1712956848627010,0.2887038589,0,1.88745904,1.55978477,-0.623595655,0.8219215274,-1,-1,-1,-1,-1
1712956848667430,0.2886895239,0,1.860594273,1.567646503,-0.6151375771,0.8963453174,-1,-1,-1,-1,-1
1712956848707830,0.2897962928,0,1.847620487,1.574885249,-0.6060837507,0.9702501297,-1,-1,-1,-1,-1
1712956848749150,0.2864439487,0,1.898396373,1.581359982,-0.5966308117,1.04618597,-1,-1,-1,-1,-1
1712956848789600,0.2894810438,0,1.818862557,1.587159753,-0.5866087675,1.118940473,-1,-1,-1,-1,-1
1712956848830030,0.2906517088,0,1.886572003,1.592236161,-0.5761495233,1.19440341,-1,-1,-1,-1,-1
1712956848870460,0.2886181176,0,1.860134125,1.596479654,-0.5654129982,1.268808722,-1,-1,-1,-1,-1
1712956848910840,0.2930686474,0,1.861930609,1.599966168,-0.554220736,1.343285918,-1,-1,-1,-1,-1
1712956848951390,0.2866614163,0,1.840877295,1.602552414,-0.5430497527,1.41692102,-1,-1,-1,-1,-1
1712956848991840,0.2863996327,0,1.859260201,1.604308248,-0.5317291021,1.491291404,-1,-1,-1,-1,-1
1712956849032240,0.2866761088,0,1.834277153,1.605219007,-0.5202983022,1.564662457,-1,-1,-1,-1,-1
1712956849073520,0.2826400697,0,1.009090781,1.605288386,-0.5089929104,1.605026126,-1,-1,-1,-1,-1
1712956849113900,0.2899828851,0,0.3483266234,1.604891419,-0.497400403,1.618959188,-1,-1,-1,-1,-1
1712956849150040,0.3356041908,0,0.1496649086,1.604245067,-0.4839918017,1.62494576,-1,-1,-1,-1,-1
1712956849190490,0.2957800031,0,0.1070104614,1.603604674,-0.4721779525,1.629226208,-1,-1,-1,-1,-1
1712956849230910,0.2802548707,0,-0.01338099875,1.602950096,-0.4609868824,1.628690958,-1,-1,-1,-1,-1
1712956849271320,0.2908099294,0,-0.04016169533,1.60227704,-0.4493739605,1.627084494,-1,-1,-1,-1,-1
1712956849311710,0.2992818952,0,-0.06696596742,1.601603508,-0.4374216497,1.624405861,-1,-1,-1,-1,-1
1712956849352990,0.292886287,0,-0.06553482264,1.600975752,-0.4257230163,1.621784449,-1,-1,-1,-1,-1
1712956849393420,0.2917151153,0,-0.02676186897,1.600381017,-0.4140695632,1.620713949,-1,-1,-1,-1,-1
1712956849433830,0.2949062884,0,-0.04015183449,1.599792361,-0.4022880197,1.619107842,-1,-1,-1,-1,-1
1712956849474250,0.2928511202,0,-0.06692625582,1.599226713,-0.3905876279,1.616430759,-1,-1,-1,-1,-1
1712956849514710,0.2904218435,0,-0.04010815546,1.598696709,-0.378982842,1.614826441,-1,-1,-1,-1,-1
1712956849555250,0.2950577438,0,0,1.598177195,-0.3671919703,1.614826441,-1,-1,-1,-1,-1
1712956849595690,0.2926700711,0,-0.04013082758,1.597661853,-0.3554965258,1.613221169,-1,-1,-1,-1,-1
1712956849636110,0.2928438783,0,-0.06692459434,1.597164989,-0.3437933028,1.610544205,-1,-1,-1,-1,-1
1712956849677570,0.2926093936,0,-0.0260982383,1.596699834,-0.332098186,1.609500289,-1,-1,-1,-1,-1
1712956849718030,0.2935011387,0,-0.05346955732,1.596245527,-0.320366919,1.607361555,-1,-1,-1,-1,-1
1712956849758570,0.2940333188,0,-0.04003283754,1.595815539,-0.3086134493,1.605760217,-1,-1,-1,-1,-1
1712956849799000,0.2907092273,0,-0.06691293418,1.595409036,-0.2969921827,1.60308373,-1,-1,-1,-1,-1
1712956849839420,0.2948916852,0,-0.04014978558,1.595028281,-0.2852026522,1.601477742,-1,-1,-1,-1,-1
1712956849879840,0.2928003967,0,-0.04014876112,1.594668984,-0.273496151,1.599871755,-1,-1,-1,-1,-1
1712956849921350,0.2932222188,0,-0.06515605748,1.594328046,-0.2617722154,1.597265482,-1,-1,-1,-1,-1
1712956849961900,0.2929076254,0,-0.05336144939,1.594017982,-0.2500600219,1.59513104,-1,-1,-1,-1,-1
1712956850002340,0.2927207649,0,-0.01337933354,1.593733072,-0.2383546531,1.594595909,-1,-1,-1,-1,-1
1712956850042760,0.281352371,0,0.8030149341,1.593465209,-0.22710374,1.626716495,-1,-1,-1,-1,-1
1712956850083170,0.2897245884,0,0.5086390972,1.592817545,-0.2155328691,1.647062063,-1,-1,-1,-1,-1
1712956850128460,0.2724705935,0,0.08360568434,1.591987133,-0.2046657205,1.650406241,-1,-1,-1,-1,-1
1712956850169010,0.2950140834,0,0.1867833287,1.591048717,-0.1929025352,1.657877564,-1,-1,-1,-1,-1
1712956850209470,0.2925326228,0,0.01337062381,1.590031028,-0.1812455654,1.658412337,-1,-1,-1,-1,-1
1712956850250880,0.2848179638,0,-0.0783874467,1.589034081,-0.169896543,1.655276895,-1,-1,-1,-1,-1
1712956850291310,0.291700691,0,-0.02676046081,1.588049531,-0.1582701206,1.654206514,-1,-1,-1,-1,-1
1712956850331710,0.2908459306,0,-0.04016656429,1.58708024,-0.1466767341,1.652599812,-1,-1,-1,-1,-1
1712956850372250,0.2898988128,0,-0.04003578424,1.586132765,-0.1351195574,1.650998354,-1,-1,-1,-1,-1
1712956850412680,0.2958239317,0,-0.02675661817,1.585184813,-0.1233246326,1.649928093,-1,-1,-1,-1,-1
1712956850453110,0.2938351035,0,-0.0535302721,1.584255695,-0.1116080061,1.647786856,-1,-1,-1,-1,-1
1712956850493510,0.2908171117,0,-0.04016272351,1.58336103,-0.1000097841,1.646180391,-1,-1,-1,-1,-1
1712956850535100,0.2957673073,0,-0.05203713104,1.582470059,-0.08821269125,1.644098878,-1,-1,-1,-1,-1
1712956850575650,0.2939608097,0,-0.04002310336,1.581608891,-0.07648583502,1.642497897,-1,-1,-1,-1,-1
1712956850616070,0.2948552072,0,-0.06690806895,1.580763936,-0.06472192705,1.639821529,-1,-1,-1,-1,-1
1712956850656810,0.2936237156,0,-0.0531151332,1.579953909,-0.05300494656,1.637696981,-1,-1,-1,-1,-1
1712956850697220,0.2950011492,0,-0.01338817179,1.579165101,-0.04123129696,1.637161493,-1,-1,-1,-1,-1
1712956850737630,0.2918161452,0,-0.08031339943,1.578390956,-0.0295843482,1.633948922,-1,-1,-1,-1,-1
1712956850779070,0.2907035649,0,-0.052219145,1.577657104,-0.01797938719,1.631860137,-1,-1,-1,-1,-1
1712956850819510,0.28328228,0,0.8025783896,1.57696557,-0.006669214927,1.663963318,-1,-1,-1,-1,-1
1712956850859940,0.2896385789,0,0.4817256927,1.575887799,0.004866082221,1.683232307,-1,-1,-1,-1,-1
1712956850900350,0.2991189361,0,0.2007884979,1.574545383,0.01675529033,1.691263795,-1,-1,-1,-1,-1
1712956850940770,0.2969904244,0,0.1472230107,1.573117733,0.02854881063,1.697152734,-1,-1,-1,-1,-1
1712956850981400,0.2923237085,0,-0.02662750334,1.571644187,0.04014853761,1.696087599,-1,-1,-1,-1,-1
1712956851021830,0.2896457613,0,-0.02676315047,1.57019639,0.0516435504,1.695017099,-1,-1,-1,-1,-1
1712956851062960,0.2898153663,0,-0.03945861384,1.568760037,0.06314683706,1.693438768,-1,-1,-1,-1,-1
1712956851103370,0.2928511202,0,-0.04015580565,1.567327023,0.07477289438,1.691832542,-1,-1,-1,-1,-1
1712956851143820,0.2915780842,0,-0.0267493166,1.565918803,0.0863506943,1.69076252,-1,-1,-1,-1,-1
1712956851184430,0.2914305627,0,-0.03996098042,1.564523697,0.09792413563,1.689164042,-1,-1,-1,-1,-1
1712956851224860,0.2906660736,0,-0.06690306962,1.563150644,0.1094694212,1.686487913,-1,-1,-1,-1,-1
1712956851265270,0.2949646711,0,-0.04015977681,1.561788678,0.1211891398,1.684881568,-1,-1,-1,-1,-1
1712956851305690,0.2918017209,0,-0.02676981129,1.560459971,0.1327853352,1.68381083,-1,-1,-1,-1,-1
1712956851346100,0.2928438783,0,-0.06692459434,1.559139013,0.144424364,1.681133866,-1,-1,-1,-1,-1
1712956851387400,0.295804441,0,-0.05240244418,1.557836175,0.1561845839,1.679037809,-1,-1,-1,-1,-1
1712956851427800,0.2929163575,0,-0.01338817179,1.556570411,0.1678326726,1.678502321,-1,-1,-1,-1,-1
1712956851468230,0.2959117293,0,-0.05352911726,1.555297971,0.1796005517,1.676361203,-1,-1,-1,-1,-1
1712956851508630,0.2939732969,0,-0.08033325523,1.554058909,0.1912940294,1.673147917,-1,-1,-1,-1,-1
1712956851549040,0.2970271707,0,-0.04015669972,1.552845001,0.2031129301,1.671541691,-1,-1,-1,-1,-1
1712956851589580,0.2930232286,0,-0.0533824563,1.551666141,0.2147744298,1.669406414,-1,-1,-1,-1,-1
1712956851630000,0.2948843837,0,-0.06691460311,1.550504923,0.2265125066,1.666729808,-1,-1,-1,-1,-1
1712956851671280,0.2928295135,0,-0.03931336105,1.549382925,0.2381718308,1.665157318,-1,-1,-1,-1,-1
1712956851711700,0.2959263921,0,-0.05353168026,1.548267603,0.2499562204,1.663016081,-1,-1,-1,-1,-1
1712956851752120,0.2928656042,0,-0.06692945957,1.547188759,0.261621058,1.660338879,-1,-1,-1,-1,-1
1712956851792670,0.2918617427,0,-0.04002002999,1.546144843,0.2732487619,1.658738136,-1,-1,-1,-1,-1
1712956851833090,0.2938787341,0,-0.05353834108,1.545112371,0.2849584818,1.656596661,-1,-1,-1,-1,-1
1712956851873500,0.2918016911,0,-0.05353962258,1.544112086,0.2965876162,1.654455066,-1,-1,-1,-1,-1
1712956851913910,0.2928728461,0,-0.04015862197,1.54313314,0.3082615733,1.652848721,-1,-1,-1,-1,-1
1712956851954320,0.2950230539,0,-0.06694598496,1.542165875,0.3200227916,1.650170922,-1,-1,-1,-1,-1
1712956851995970,0.291225493,0,-0.02597488649,1.541242242,0.3316351473,1.649131894,-1,-1,-1,-1,-1
1712956852036390,0.2917872965,0,-0.05353693292,1.54032886,0.3432708383,1.646990418,-1,-1,-1,-1,-1
1712956852076800,0.2918305993,0,-0.05354487151,1.539440274,0.3549101949,1.644848585,-1,-1,-1,-1,-1
1712956852117240,0.292691797,0,-0.06688974798,1.5385741,0.3665857911,1.642173052,-1,-1,-1,-1,-1
1712956852157480,0.2920095026,0,-0.01344248187,1.537741065,0.3782364428,1.641635299,-1,-1,-1,-1,-1
1712956852198030,0.2836014926,0,-0.9473049045,1.53693819,0.3895520568,1.603743076,-1,-1,-1,-1,-1
1712956852239430,0.2970101237,0,-1.515416622,1.536546826,0.4014260173,1.543126464,-1,-1,-1,-1,-1
1712956852279850,0.295992285,0,-1.793710828,1.536874413,0.4132611752,1.471378088,-1,-1,-1,-1,-1
1712956852320260,0.2918305993,0,-1.95438993,1.538033009,0.4248767495,1.393202543,-1,-1,-1,-1,-1
1712956852360680,0.2938787341,0,-1.954148173,1.540109634,0.4364470243,1.315036654,-1,-1,-1,-1,-1
1712956852401220,0.2961039841,0,-1.934875369,1.54310596,0.4479058981,1.237641692,-1,-1,-1,-1,-1
1712956852441690,0.2924097478,0,-1.937934875,1.546931028,0.4589591622,1.160124302,-1,-1,-1,-1,-1
1712956852482110,0.2980324924,0,-1.954051852,1.55169034,0.4698892236,1.081962228,-1,-1,-1,-1,-1
1712956852522540,0.2969096303,0,-1.966900229,1.557267427,0.4803746641,1.003286242,-1,-1,-1,-1,-1
1712956852562960,0.2949427664,0,-1.967678785,1.563609123,0.4903229773,0.9245790839,-1,-1,-1,-1,-1
1712956852604040,0.2993450761,0,-1.948662281,1.570819378,0.4998824596,0.8466325998,-1,-1,-1,-1,-1
1712956852644530,0.2923086882,0,-1.963985682,1.578565717,0.5086406469,0.7680732012,-1,-1,-1,-1,-1
1712956852684950,0.2970271409,0,-1.940907836,1.587111235,0.5168950558,0.6904368997,-1,-1,-1,-1,-1
1712956852725340,0.2950741947,0,-1.968555927,1.596210957,0.5244120359,0.6116946936,-1,-1,-1,-1,-1
1712956852765760,0.295955658,0,-1.98086834,1.605902672,0.5312101841,0.5324599743,-1,-1,-1,-1,-1
1712956852806290,0.2940623462,0,-1.961805224,1.616036773,0.537181437,0.4539877772,-1,-1,-1,-1,-1
1712956852846700,0.2939732969,0,-1.954777122,1.626604557,0.5423383713,0.3757966757,-1,-1,-1,-1,-1
1712956852887120,0.294862479,0,-1.967143297,1.637575984,0.546667099,0.297110945,-1,-1,-1,-1,-1
1712956852928180,0.293386966,0,-1.9499439,1.648797274,0.5501027703,0.2191132009,-1,-1,-1,-1,-1
1712956852968590,0.2950011492,0,-1.968068719,1.660315156,0.5526676774,0.1403904557,-1,-1,-1,-1,-1
1712956853009110,0.2868736088,0,-1.094664454,1.671677232,0.5542733669,0.09660387784,-1,-1,-1,-1,-1
1712956853049900,0.2829375863,0,-0.4509254098,1.682941914,0.5553649664,0.07856686413,-1,-1,-1,-1,-1
1712956853090310,0.2991263568,0,-0.2543385029,1.694870114,0.5563040376,0.0683933273,-1,-1,-1,-1,-1
1712956853130320,0.302177161,0,-0.1757958084,1.706928968,0.5571300983,0.06136149541,50,481.5465088,-157.6006165,25900,-7900
1712956853171690,0.2799685895,0,0.01307563297,1.718106627,0.5578168631,0.06188452244,-1,-1,-1,-1,-1
1712956853212230,0.2826044559,0,-0.02668860182,1.729389191,0.5585159659,0.06081697717,-1,-1,-1,-1,-1
1712956853252730,0.2880552113,0,-0.04006844759,1.740890145,0.5592162609,0.05921423808,-1,-1,-1,-1,-1
1712956853293140,0.2866264284,0,-0.04015964642,1.752335072,0.5598947406,0.05760785192,-1,-1,-1,-1,-1
1712956853333550,0.2866477072,0,-0.04016259313,1.763781905,0.5605549216,0.05600134656,-1,-1,-1,-1,-1
1712956853373960,0.2834855616,0,-0.0267718602,1.775103569,0.5611895919,0.05493047088,-1,-1,-1,-1,-1
1712956853414500,0.2857073247,0,-0.06671823561,1.78651464,0.56181705,0.05226173997,-1,-1,-1,-1,-1
1712956853455620,0.2837674618,0,-0.03947206214,1.797849894,0.562409997,0.05068285763,-1,-1,-1,-1,-1
1712956853496010,0.2846616209,0,-0.06696096808,1.809221745,0.5629868507,0.04800441861,-1,-1,-1,-1,-1
1712956853536420,0.2845841348,0,-0.0937198922,1.820592046,0.5635330677,0.04425562173,-1,-1,-1,-1,-1
1712956853576840,0.2865342498,0,-0.0669112727,1.832042217,0.5640401244,0.04157917202,-1,-1,-1,-1,-1
1712956853617380,0.2847105265,0,-0.02669129148,1.843420744,0.5645135045,0.04051151872,-1,-1,-1,-1,-1
1712956853657820,0.2874411047,0,-0.02675187774,1.854908943,0.564979136,0.03944144398,-1,-1,-1,-1,-1
1712956853698220,0.2887896001,0,-0.06695110351,1.866451502,0.5654346347,0.03676339984,-1,-1,-1,-1,-1
1712956853738640,0.2886609733,0,-0.01338420063,1.877990127,0.5658590198,0.03622803092,-1,-1,-1,-1,-1
1712956853779980,0.2913504243,0,-0.05233532563,1.889636517,0.5662811399,0.03413461894,-1,-1,-1,-1,-1
1712956853820520,0.2868028581,0,-0.05338514596,1.901101947,0.5666726828,0.03199921176,-1,-1,-1,-1,-1
1712956853860950,0.2791853845,0,-0.8830544353,1.912263632,0.567029953,-0.003322966397,-1,-1,-1,-1,-1
1712956853901340,0.2888682485,0,-1.513505816,1.92381835,0.5669915676,-0.06386320293,-1,-1,-1,-1,-1
1712956853941760,0.2969683707,0,-1.779928565,1.935672879,0.5662334561,-0.1350603402,-1,-1,-1,-1,-1
1712956853982170,0.2897675931,0,-1.92776072,1.947157979,0.5646727681,-0.2121707648,-1,-1,-1,-1,-1
1712956854022730,0.2876220345,0,-1.960402727,1.958404899,0.5622500181,-0.2905868888,-1,-1,-1,-1,-1
1712956854064080,0.2923691571,0,-1.923324585,1.96960938,0.5588992834,-0.3675198555,-1,-1,-1,-1,-1
1712956854104490,0.2886967063,0,-1.967727661,1.980386138,0.5547500849,-0.4462289512,-1,-1,-1,-1,-1
1712956854143390,0.3064693213,0,-1.988942385,1.991444588,0.5494595766,-0.5257866383,-1,-1,-1,-1,-1
1712956854183810,0.289688766,0,-1.954003453,2.00146699,0.5436438322,-0.603946805,-1,-1,-1,-1,-1
1712956854224350,0.2929582,0,-1.948027253,2.011112452,0.5369890332,-0.6818678975,-1,-1,-1,-1,-1
1712956854264790,0.2905942202,0,-1.939707875,2.020137072,0.5296632051,-0.7594562173,-1,-1,-1,-1,-1
1712956854305190,0.2919100523,0,-1.954922318,2.028604984,0.5216236711,-0.8376531005,-1,-1,-1,-1,-1
1712956854345600,0.2897891104,0,-1.954680204,2.036362171,0.5130102634,-0.9158403277,-1,-1,-1,-1,-1
1712956854387050,0.2936466336,0,-1.944460154,2.043516874,0.5036948919,-0.9936187267,-1,-1,-1,-1,-1
1712956854427610,0.2876149118,0,-1.907011509,2.049794436,0.4940539598,-1.069899201,-1,-1,-1,-1,-1
1712956854468060,0.2936390042,0,-1.952553988,2.055434704,0.4837513268,-1.148001313,-1,-1,-1,-1,-1
1712956854508540,0.2924386561,0,-1.911393404,2.060234308,0.4730837941,-1.224457026,-1,-1,-1,-1,-1
1712956854548940,0.2918594778,0,-1.954583526,2.064197302,0.4621026218,-1.302640319,-1,-1,-1,-1,-1
1712956854589340,0.2919100523,0,-1.954922318,2.067291021,0.450843513,-1.380837202,-1,-1,-1,-1,-1
1712956854630730,0.2910899818,0,-1.960821509,2.069489479,0.4394093752,-1.45927,-1,-1,-1,-1,-1
1712956854671180,0.2884254754,0,-1.912385583,2.070773602,0.4279440343,-1.535765409,-1,-1,-1,-1,-1
1712956854711650,0.2893451154,0,-1.924950004,2.071178913,0.4163773358,-1.612763405,-1,-1,-1,-1,-1
1712956854752060,0.2792959213,0,-0.9904832244,2.070710182,0.405215323,-1.652382731,-1,-1,-1,-1,-1
1712956854792480,0.2834294736,0,-0.4282640815,2.06978631,0.3939158618,-1.669513345,-1,-1,-1,-1,-1
1712956854833030,0.291926533,0,-0.2268306315,2.068635464,0.3822956383,-1.678586602,-1,-1,-1,-1,-1
1712956854873470,0.2967995107,0,-0.1738790721,2.067358255,0.3704925478,-1.685541749,-1,-1,-1,-1,-1
1712956854913940,0.2799986303,0,0.01336870249,2.06607604,0.3593662679,-1.685006976,-1,-1,-1,-1,-1
1712956854954350,0.2824712992,0,-0.01338727493,2.064788342,0.3481410146,-1.685542464,-1,-1,-1,-1,-1
1712956854995100,0.2831527889,0,-0.02654514089,2.063491583,0.3368893862,-1.686604261,-1,-1,-1,-1,-1
1712956855035650,0.281489104,0,-0.0400220789,2.062190533,0.3257052302,-1.688205123,-1,-1,-1,-1,-1
1712956855076090,0.2854076028,0,-0.02675648965,2.060853243,0.3143675327,-1.689275384,-1,-1,-1,-1,-1
1712956855116500,0.2834995985,0,-0.0267731417,2.059512854,0.303107053,-1.69034636,-1,-1,-1,-1,-1
1712956855156840,0.2850427032,0,-0.04023035243,2.058152914,0.2917867303,-1.691955566,-1,-1,-1,-1,-1
1712956855197280,0.2812341154,0,-0.0267558489,2.056793213,0.2806198299,-1.693025827,-1,-1,-1,-1,-1
1712956855237830,0.2835315466,0,-0.01333898492,2.055410385,0.2693631947,-1.693559408,-1,-1,-1,-1,-1
1712956855278270,0.2802132666,0,-0.04013684765,2.054037809,0.2582390308,-1.695164919,-1,-1,-1,-1,-1
1712956855319360,0.2808171213,0,-0.05265247449,2.052644491,0.2470931113,-1.697270989,-1,-1,-1,-1,-1
1712956855359750,0.2815752923,0,-0.02678838372,2.051223755,0.2359200567,-1.698342562,-1,-1,-1,-1,-1
1712956855400160,0.2814498842,0,-0.05355294421,2.049791813,0.2247535139,-1.700484633,-1,-1,-1,-1,-1
1712956855441080,0.2809613049,0,-0.0660905987,2.048338413,0.2136094421,-1.703128219,-1,-1,-1,-1,-1
1712956855481530,0.2832402587,0,-0.02674867585,2.046843529,0.202378884,-1.704198122,-1,-1,-1,-1,-1
1712956855522000,0.2841410935,0,-0.06683851779,2.045331717,0.191114217,-1.706871629,-1,-1,-1,-1,-1
1712956855563250,0.2828045189,0,-0.06556351483,2.043797255,0.1799066067,-1.709494114,-1,-1,-1,-1,-1
1712956855603660,0.2814359367,0,-0.107100375,2.042240858,0.1687572747,-1.713778138,-1,-1,-1,-1,-1
1712956855644200,0.2826253772,0,-0.0533811748,2.040629864,0.1575676203,-1.715913415,-1,-1,-1,-1,-1
1712956855684640,0.2843167484,0,-0.04012801126,2.038985252,0.1463144869,-1.717518568,-1,-1,-1,-1,-1
1712956855725060,0.2730025053,0,0.8297410607,2.037388802,0.1355117112,-1.684328914,-1,-1,-1,-1,-1
1712956855765450,0.2732323408,0,1.339418888,2.036150694,0.1246527806,-1.630752206,-1,-1,-1,-1,-1
1712956855805860,0.2887324095,0,1.646669626,2.035458565,0.1131242365,-1.564885378,-1,-1,-1,-1,-1
1712956855847230,0.2870742381,0,1.725856304,2.035526514,0.1016414687,-1.495851159,-1,-1,-1,-1,-1
1712956855887680,0.2739022076,0,1.886012197,2.036346912,0.09071613848,-1.420410633,-1,-1,-1,-1,-1
1712956855928100,0.2750592828,0,1.846660376,2.037995338,0.07983794808,-1.346544266,-1,-1,-1,-1,-1
1712956855968490,0.2774244249,0,1.848535299,2.040462971,0.06901883334,-1.272602797,-1,-1,-1,-1,-1
1712956856008910,0.28241539,0,1.860456347,2.043781757,0.05822075158,-1.19818449,-1,-1,-1,-1,-1
1712956856049450,0.2815446556,0,1.854720235,2.047881603,0.04773175344,-1.123995662,-1,-1,-1,-1,-1
1712956856089880,0.2802410126,0,1.886618614,2.052725077,0.03762251884,-1.048530936,-1,-1,-1,-1,-1
1712956856131530,0.274048239,0,1.779360294,2.058193445,0.02812191099,-0.9773565531,-1,-1,-1,-1,-1
1712956856172820,0.2815515101,0,1.834266305,2.064491272,0.01878541522,-0.9039859176,-1,-1,-1,-1,-1
1712956856213240,0.2802964449,0,1.833460331,2.071425676,0.009975155815,-0.8306475282,-1,-1,-1,-1,-1
1712956856253790,0.2804365456,0,1.840922713,2.078990698,0.001692539081,-0.7570106387,-1,-1,-1,-1,-1
1712956856294230,0.2791439593,0,1.846112609,2.087106943,-0.005975563079,-0.6831661463,-1,-1,-1,-1,-1
1712956856334640,0.2793166637,0,1.847254634,2.095772266,-0.01302832831,-0.6092759371,-1,-1,-1,-1,-1
1712956856375030,0.2825971842,0,1.808081031,2.105042219,-0.01949724741,-0.5369526744,-1,-1,-1,-1,-1
1712956856415440,0.2804213464,0,1.834277272,2.114680529,-0.0252348911,-0.4635815918,-1,-1,-1,-1,-1
1712956856456630,0.2811920047,0,1.799187422,2.124741077,-0.0302643422,-0.3916140795,-1,-1,-1,-1,-1
1712956856497070,0.2801855505,0,1.859490275,2.135100126,-0.03454200178,-0.3172344565,-1,-1,-1,-1,-1
1712956856537480,0.2782744467,0,1.003942609,2.145675659,-0.03801419958,-0.277076751,-1,-1,-1,-1,-1
1712956856577880,0.2867328525,0,0.3883544505,2.156707525,-0.04115157202,-0.2615425587,-1,-1,-1,-1,-1
1712956856618280,0.2929308414,0,0.2008332014,2.168026209,-0.04418130964,-0.2535092235,-1,-1,-1,-1,-1
1712956856658820,0.2846894562,0,-0.05337848514,2.17904973,-0.04703734443,-0.2556443512,-1,-1,-1,-1,-1
1712956856699260,0.2854005396,0,-0.05351182446,2.190094709,-0.04992410168,-0.2577848136,-1,-1,-1,-1,-1
1712956856739720,0.2841551304,0,-0.04010508209,2.201085329,-0.05282179266,-0.2593890131,-1,-1,-1,-1,-1
1712956856781390,0.2870979607,0,-0.02596732974,2.212185144,-0.0557673052,-0.2604277134,-1,-1,-1,-1,-1
1712956856821810,0.2886395752,0,-0.06691626459,2.223341465,-0.05874022096,-0.2631043494,-1,-1,-1,-1,-1
1712956856862350,0.2888027728,0,-0.08005594462,2.234496117,-0.06174468622,-0.2663065791,-1,-1,-1,-1,-1
1712956856902790,0.2874695361,0,-0.0535091348,2.245589495,-0.06477081776,-0.2684469521,-1,-1,-1,-1,-1
1712956856943210,0.2771841884,0,0.856549263,2.256279707,-0.06771156937,-0.2341849804,-1,-1,-1,-1,-1
1712956856983660,0.2832122445,0,1.390791655,2.267298937,-0.07034035027,-0.178553313,-1,-1,-1,-1,-1
1712956857025120,0.2935899794,0,1.709229112,2.278855801,-0.07242608815,-0.110184148,-1,-1,-1,-1,-1
1712956857065670,0.2877497077,0,0.8939136267,2.290296078,-0.07369174063,-0.07442760468,-1,-1,-1,-1,-1
1712956857106100,0.2781367898,0,0.4415163398,2.301390648,-0.07451901585,-0.05676694959,-1,-1,-1,-1,-1
1712956857142210,0.3278190196,0,0.1947854608,2.314482212,-0.07526298612,-0.04897553101,-1,-1,-1,-1,-1
1712956857182630,0.2928076386,0,0.04014965519,2.326180458,-0.07583637536,-0.04736954346,-1,-1,-1,-1,-1
1712956857223020,0.2784259915,0,-0.09375242889,2.337305069,-0.0763637349,-0.05111964047,-1,-1,-1,-1,-1
1712956857263560,0.2826183736,0,-0.02668988332,2.348595142,-0.07694137841,-0.05218723416,-1,-1,-1,-1,-1
1712956857304000,0.2863854766,0,-0.04012595862,2.360034943,-0.07753893733,-0.05379227176,-1,-1,-1,-1,-1
1712956857344420,0.285548836,0,-0.02676981129,2.371440411,-0.07815305144,-0.05486306548,-1,-1,-1,-1,-1
1712956857385020,0.2842336893,0,-0.05329304934,2.382792711,-0.07877649367,-0.05699478835,-1,-1,-1,-1,-1
1712956857425430,0.2824573219,0,-0.01338663418,2.394072771,-0.07942008972,-0.05753025413,-1,-1,-1,-1,-1
1712956857465980,0.2867179811,0,-0.05336939171,2.405522585,-0.08007952571,-0.05966502801,-1,-1,-1,-1,-1
1712956857506420,0.282240808,0,-0.04012890533,2.416792154,-0.08075272292,-0.06127018481,-1,-1,-1,-1,-1
1712956857546850,0.2822826803,0,-0.06689141691,2.428062201,-0.081444107,-0.06394584477,-1,-1,-1,-1,-1
1712956857587260,0.2824852467,0,-0.0669394508,2.439338446,-0.08216616511,-0.06662341952,-1,-1,-1,-1,-1
1712956857627650,0.2847039104,0,-0.06697095931,2.450701237,-0.08292432129,-0.06930226088,-1,-1,-1,-1,-1
1712956857668190,0.2846613824,0,-0.08005978912,2.462060452,-0.08371279389,-0.07250465453,-1,-1,-1,-1,-1
1712956857709420,0.2840251029,0,-0.0262438748,2.473391533,-0.08453579992,-0.07355441153,-1,-1,-1,-1,-1
1712956857749840,0.2875619829,0,-0.0535264276,2.484862804,-0.08538109809,-0.07569546998,-1,-1,-1,-1,-1
1712956857790240,0.285661906,0,-0.05356088281,2.49625659,-0.08624520153,-0.07783790678,-1,-1,-1,-1,-1
1712956857830630,0.2868038714,0,-0.04018462449,2.507694006,-0.08713726699,-0.07944529504,-1,-1,-1,-1,-1
1712956857871160,0.2857566476,0,-0.04003783315,2.519088268,-0.08804439008,-0.08104680479,-1,-1,-1,-1,-1
1712956857911610,0.2853511274,0,-0.05350260437,2.530464888,-0.08896844834,-0.08318690956,-1,-1,-1,-1,-1
1712956857952010,0.2866618931,0,-0.04016464204,2.541891813,-0.08992120624,-0.08479349315,-1,-1,-1,-1,-1
1712956857993370,0.284130156,0,-0.03923919797,2.553216219,-0.09088374674,-0.08636306226,-1,-1,-1,-1,-1
1712956858033760,0.2836610377,0,-0.05357676744,2.564520359,-0.09186244011,-0.08850613236,-1,-1,-1,-1,-1
1712956858074300,0.2877639234,0,-0.06671324372,2.575985909,-0.09287986904,-0.09117466211,-1,-1,-1,-1,-1
1712956858114750,0.2853652239,0,-0.05350529402,2.587352991,-0.09391915053,-0.09331487119,-1,-1,-1,-1,-1
1712956858159940,0.106237635,0,0,2.591583967,-0.09431511909,-0.09331487119,-1,-1,-1,-1,-1
1712956858200350,0.02814359404,0,-0.01338756364,2.592704773,-0.09442001581,-0.09385037422,-1,-1,-1,-1,-1
1712956858240720,0.004173035733,0,-0.02679833025,2.592870951,-0.09443566203,-0.09492230415,-1,-1,-1,-1,-1